#OTU ID	st1_1	st1_2	st1_3	st1_4	st1_5	st1_6	st1_7	st2_1	st2_2	st2_3	st2_4	st2_5	st2_6	st2_7	st4_1	st4_2	st4_3	st4_4	st4_5	st4_6	st4_7	st5_1	st5_2	st5_3	st5_4	st5_5	st5_6	st5_7	ERR2094394	ERR2094401	ERR2094406	ERR2094408	ERR2094412	ERR2094415	ERR2094418	ERR2094423	ERR2094425	ERR2094426	ERR2094432	ERR2094436	ERR2094438	ERR2094439	ERR2094440	ERR2094441	ERR2094442	ERR2094443	ERR2094445	ERR2094446	ERR2094447	ERR2094452	ERR2094456	ERR2094458	ERR2094459	ERR2094460	ERR2094461	ERR2094462	SRR5311956	SRR5311957	SRR5311958	SRR5311959	SRR5311961	SRR5311962	SRR5311965	SRR5311968	SRR5311970	SRR5311971	SRR5311972	SRR5311977	SRR5311978	SRR5311982	SRR5311984	SRR5311986	SRR5311988	SRR5311990	SRR5311991	SRR5311992	SRR5312001	SRR5312005	SRR5312007	SRR5312008	SRR5312009	SRR5312010	SRR5312011	SRR5312013	SRR5312014	SRR5312015	SRR5312019	SRR5312021	SRR5312023	SRR5312024	SRR5312027	SRR5312029	SRR5312034
d__Bacteria;p__Verrucomicrobiota	0.003726091	0.004236551	0.006374996	0.005852631	0.00742878	0.006185704	0.003829552	0.017961235	0.011913576	0.035052685	0.016749171	0.00637296	0.008185928	0.006242087	0.020684009	0.017448715	0.010023028	0.017702732	0.005455537	0.010367873	0.01142865	0.033383151	0.007958093	0.029925757	0.012969356	0.009294877	0.008089749	0.017385597	0.076362299	0.052511882	0.056937669	0.059124641	0.093602749	0.119208211	0.035124459	0.038063285	0.078301147	0.051889549	0.038423645	0.119363395	0.056606254	0.106552837	0.128387113	0.053029903	0.145915505	0.059549859	0.099673804	0.047931192	0.056083762	0.069016664	0.102727324	0.123168138	0.091598781	0.126046238	0.079595768	0.117657197	0.081998622	0.06980528	0.108781984	0.105233979	0.106680273	0.095854166	0.18719666	0.108861227	0.113661169	0.119342785	0.101531254	0.058359965	0.072591746	0.073683931	0.058170477	0.070119735	0.09087399	0.093056476	0.056158179	0.098291656	0.156649693	0.119048887	0.120948732	0.088016479	0.107966571	0.08653818	0.126698107	0.104977269	0.079414363	0.110510914	0.103590357	0.106807796	0.078662969	0.099110075	0.082306906	0.056236154	0.070162442
d__Bacteria;p__Sumerlaeota	0.000552013	0.000505857	0.000874446	0.001426495	0.001790867	0.001075197	0.000592199	0	0	9.91E-05	0	1.42E-05	0.000122178	0	3.09E-05	0	0	3.14E-05	3.99E-05	0.000164096	2.74E-05	0.000235979	1.34E-05	3.26E-05	0	3.14E-05	0.000120343	1.29E-05	0	0	0	0	0	0.000342131	0	0	0	0.000121749	0.000202097	0.000361707	0	0	0.000253479	0	0	0.000390747	0.00013153	0	0	0	8.49E-05	0	0.000606306	0	0	0.0001149	0	0	0	0	0	0	0.000332953	0	0	0	0	0	0	0	6.78E-05	0.000470387	0	0	0.000380604	0	0.00020437	0.000113196	0	0.000121168	0	0.000893354	9.66E-05	0.000154986	0	0	0.000182164	0	0	0	0	0	0
d__Bacteria;p__Desulfobacterota	0.026924457	0.026747182	0.041902908	0.030516338	0.028305641	0.015610274	0.012212455	0.013438622	0.003516861	0.021329028	0.021611834	0.02503663	0.007900846	0.004220003	0.040209466	0.020888525	0.002236213	0.020155331	0.013559006	0.004922875	0.004722017	0.030661528	0.109095537	0.067226891	0.032216787	0.016925468	0.017570133	0.009574304	0.006835832	0.02994431	0.037262873	0.01977141	0	0	0.050592547	0.032509979	0.017375747	0.06732736	0.080282935	0	0.010485885	0	0.002433398	0.03818364	0	0.003178076	0	0.023776891	0.016559934	0.004358176	0.01134499	0.01061852	0.00952988	0	0.008830077	0.010340965	0	0.004041358	0.00159012	0	0.003584792	0.008607804	0.029171842	0	0	0.001222238	0	0	0.000338818	0.008222526	0.011423922	0.030446868	0.003971428	0.002753847	0.023597473	0.002805975	0.038523767	0.003042975	0.00153172	0.021979886	0.00117102	0.020034563	0.003291592	0.002494539	0.013082	0.001736627	0.008258082	0.000359228	0.004530567	0.004820426	0.005758371	0.000774014	0.000397521
d__Bacteria;p__Acidobacteriota	0.023584775	0.036421695	0.083298073	0.07644416	0.075398799	0.063848145	0.047415381	0.236223977	0.129265666	0.157730002	0.11533126	0.044539596	0.049604279	0.031491771	0.130700074	0.178024051	0.150105821	0.068295444	0.031229625	0.022689978	0.018436396	0.292031778	0.165632829	0.177319083	0.117017448	0.052770407	0.054341722	0.047343903	0.312674411	0.386710208	0.404363144	0.368912843	0.275849297	0.236485826	0.393555757	0.329033378	0.313229095	0.265243012	0.356422887	0.231034483	0.308238284	0.29947096	0.337253809	0.386688466	0.29546849	0.345238095	0.316935866	0.416900066	0.394904333	0.390532869	0.383013637	0.375232385	0.291228779	0.34472696	0.459939465	0.365409473	0.347993628	0.368314701	0.481499717	0.429498368	0.430332051	0.457828634	0.436796476	0.430848208	0.371466343	0.375349211	0.444577763	0.477403919	0.454693687	0.396022901	0.354700927	0.403859312	0.493587799	0.524026213	0.596749638	0.441198316	0.451147027	0.440685302	0.491251025	0.463613232	0.437546823	0.435532058	0.392761718	0.448005845	0.568540844	0.410659631	0.516754712	0.389587389	0.479384208	0.453808666	0.538796745	0.638295033	0.468821712
d__Bacteria;p__Armatimonadota	0.002484061	0.003572614	0.007743082	0.014344945	0.011159752	0.008893609	0.007435385	0.002254128	0.000757219	0.001147179	0.000803142	0.000298733	0.000556589	0.000457167	0.000478868	0.000429976	0.000785337	0.000377323	0.000319349	0.001074082	0.001615067	0.002186738	0.000750258	0.001142204	0.000399877	0.000172709	0.000468002	0.000437535	0.001254678	0.001895209	0.000352304	0.001164617	0.005946624	0.004765396	0.000880491	0	7.35E-05	0.000925295	0.000227359	0.003737642	0.000423525	0.001145935	0.001013916	0.000448289	0.002103602	0.002474732	0.00121008	0.00047673	0.000667898	0.00065922	0.000763877	0.000837423	0.001010509	0.006085147	0.000300173	0.000660673	0.007513132	0.003096625	0.003164097	0.005030698	0.002721302	0.002886449	0.003111834	0.002784861	0.003243509	0.004330214	0.002828248	0.003078622	0.002519958	0.008594466	0.004711944	0.00488561	0.005405554	0.005257345	0.001845931	0.006684823	0.004223649	0.004068397	0.003047862	0.003174603	0.00417494	0.00196245	0.006011782	0.005719726	0.003156828	0.00437515	0.00223801	0.003742659	0.003959967	0.002383727	0.003045934	0.002455494	0.004192039
d__Archaea;p__Crenarchaeota	0.034487041	0.04166996	0.086753547	0.226892773	0.220923291	0.340014601	0.467113228	0.050035894	0.049555765	0.578121459	0.701990333	0.860150504	0.838521374	0.85444507	0.566145576	0.270455081	0.022854633	0.785083168	0.87361782	0.794581854	0.788289398	0.101879965	0.423252636	0.50268418	0.680524639	0.826207784	0.791658867	0.788194266	0.047526337	0.124588156	0.12504065	0.117003413	0.016934505	0.039784946	0.088382276	0.228379707	0.147779629	0.253019382	0.196892762	0.018157704	0.089159231	0.061288413	0.070162987	0.116686884	0.016061881	0.054183599	0.013495028	0.068668931	0.070993596	0.064273943	0.097097267	0.016865694	0.081618059	0.010926119	0.060359707	0.128199236	0.000107638	0.002676744	8.07E-05	0	0.001857812	0.001443225	0.006454174	0	0	0.000261908	0.001314136	0.000217511	0.001143511	0.016498187	0.004050916	0.025048108	0.002776322	0.00702452	0.088566644	0.002420841	0.014186692	0.003795395	0.002590943	0.026341936	0.00566599	0.055021821	0.004764357	0.004332231	0.016732488	0.002475414	0.005915979	0.002172079	0.002807354	0.007574955	0.011605674	0.004670777	0.006992754
d__Bacteria;p__Cyanobacteria	0.000207005	0.000584897	8.46E-05	4.00E-05	0.000232149	1.33E-05	2.63E-05	0.006073223	0.002759642	0.002733401	0.003343993	0.000156479	0.000162904	0	0.000417079	0.001026395	0.000732094	0.000220105	0.000119756	0	2.74E-05	0.00302053	0.000683271	0.001125887	0.000186609	9.42E-05	0.000240687	0	0.005624419	0.002507508	0.002357724	0.004604301	0.003847816	0.004887586	0.003212603	0.002284954	0.004803451	0.004602123	0.007048124	0.005666747	0.003285967	0.001489715	0.003574054	0.007119878	0.006266982	0.003099927	0.004550955	0.003396699	0.002514438	0.003753891	0.001754088	0.003316194	0.001647907	0.00332534	0.000125072	0.001867119	0.026242142	0.001574555	0.002187424	0.003285353	0.002825968	0.002439737	0.000601877	0.008958529	0.006148832	0.003614332	0.005056565	0.005421052	0.002583487	0.007332527	0.00513568	0.002287791	0.007244178	0.004668287	0.001065692	0.002805975	0	0.006798418	0.009590122	0.001987156	0.010270062	0.002006385	0.008096189	0.00684153	0.002273436	0.009479491	0.004901068	0.010192062	0.001152613	0.001456722	0.003312731	0.004217044	0.005330394
d__Archaea;p__Nanoarchaeota	0.008252601	0.008473103	0.008631632	0.007425776	0.008274467	0.006968872	0.003882192	0.00086145	6.73E-05	0.000396556	0.000292052	4.27E-05	0.000149329	8.79E-05	0.001621972	0.000221923	9.32E-05	0.000141496	0.00017298	0.00210341	0.001574006	0.000188783	0.000174167	0.000587419	0.000213268	0.000219811	0.000454631	0.00029598	0.000951825	0	0.000298103	0.000108336	0	0	0.000142782	0	4.90E-05	0.000365248	7.58E-05	0.000361707	8.76E-05	5.73E-05	0	0.00010548	0	0	0.00013153	0	0	0.000201428	0.000141459	0	0.000466389	0	0	0	0	0.000131213	0	0	0	0	0.000230506	0	0	0	0	0	0	0	0.000186444	0.000555912	1.84E-05	0	0.000114181	0	0.00040874	0	0	7.27E-05	0	0.000102516	0	0	0.000129911	0	0.000208187	0	7.99E-05	0.000291344	0.000377963	5.34E-05	0.000126484
d__Bacteria;p__Chloroflexi	0.133656261	0.20153654	0.304095794	0.267087949	0.313766458	0.338288976	0.289743117	0.006231156	0.014303022	0.004064695	0.004745842	0.005092678	0.012217803	0.034709523	0.019834404	0.007489909	0.001783646	0.009967613	0.009886498	0.059656294	0.070994498	0.024903642	0.009445211	0.019939626	0.027778148	0.00857264	0.011405878	0.021220466	0.001124884	0.000291571	0.000271003	0.000243757	0.008806766	0.009457478	0.000737709	0.001070168	0.001249877	0.005356969	0.000252621	0.00713769	0.000189856	0.000611165	0.002332007	0.000922947	0.000547813	0.00541836	0.000552428	3.97E-05	0.000157152	0.00362571	0.008289481	0.000686687	0.033051427	0.001108447	0.000275158	0.003446988	0.025574787	0.007925261	0.000129147	0.001252541	0.01101604	0.014294796	0.030042644	0.016893706	0.002474905	0.002444475	0.002656839	0.008114846	0.010503356	0.019473705	0.011762911	0.012946333	0.005800859	0.003225094	0.019087311	0.004429039	0.031098319	0.00452784	0.007513214	0.008845268	0.019958251	0.008992121	0.003291592	0.003926315	0.002143525	0.003674742	0.001899706	0.00412695	0.020324786	0.014169933	0.009382365	0.005631622	0.005221979
d__Bacteria;p__Proteobacteria	0.317545748	0.051597401	0.019646836	0.0458345	0.02062813	0.004314064	0.002737274	0.438348887	0.613936192	0.077455812	0.042289102	0.006429862	0.00786012	0.003041919	0.091201186	0.356450338	0.7306694	0.010187718	0.001916091	0.007608079	0.002641592	0.274474947	0.034136735	0.045214979	0.011889687	0.010927761	0.013799374	0.002612344	0.251411513	0.178878619	0.137940379	0.18056985	0.269100187	0.253519062	0.253890819	0.134985828	0.141162631	0.118072465	0.126689403	0.297082228	0.264498415	0.199411753	0.187042154	0.178550709	0.242374441	0.241716161	0.248408481	0.17929007	0.168840608	0.193078191	0.153511005	0.220644146	0.192556433	0.222820432	0.137153863	0.103955419	0.342934642	0.389938592	0.214819598	0.232582493	0.24954863	0.22385444	0.081919348	0.188665951	0.240450095	0.225991759	0.235230259	0.183060886	0.194905025	0.250368619	0.390887981	0.300684199	0.19851623	0.177571607	0.075588034	0.199526836	0.077813921	0.203433168	0.189398424	0.152138616	0.209365249	0.149160833	0.234218066	0.207888056	0.174625857	0.214967618	0.171893027	0.214826944	0.176075867	0.201742769	0.146204811	0.129607388	0.240482084
d__Bacteria;p__Planctomycetota	0.009729237	0.010543954	0.017277369	0.022797264	0.028720194	0.024596801	0.018437122	0.044206748	0.028807969	0.019785293	0.011711278	0.007112679	0.009421283	0.009864257	0.03253213	0.043718879	0.018169233	0.01257743	0.006360358	0.013396187	0.016752895	0.078407929	0.044600153	0.017655217	0.016488277	0.010488138	0.014588292	0.009162506	0.093495144	0.043327405	0.046937669	0.051541087	0.059713163	0.080376344	0.027295226	0.027592989	0.070507793	0.025275153	0.019477075	0.091921871	0.050457845	0.068469604	0.05432055	0.032144929	0.101038654	0.058429718	0.085442206	0.060624119	0.047617177	0.062241348	0.046653087	0.122933659	0.054194391	0.080486812	0.04827776	0.052308046	0.088241626	0.075237495	0.10519816	0.124555964	0.04406416	0.063312888	0.048355082	0.135468394	0.099964644	0.116164967	0.084990287	0.110127662	0.105626496	0.05944395	0.053983966	0.030104768	0.070354946	0.062970326	0.009400929	0.126681522	0.033652945	0.078464796	0.067961619	0.042287653	0.073643326	0.04400867	0.06169521	0.082777351	0.028554355	0.093259775	0.065934543	0.130450038	0.094194712	0.055832186	0.086775757	0.070889049	0.052328208
d__Bacteria;p__Spirochaetota	0.021252519	0.02749016	0.034046994	0.024717034	0.027559447	0.017641203	0.014897089	0.005800431	0.002086559	0.0149983	0.005841036	0.003570565	0.004479861	0.000949501	0.019123826	0.016186526	0.00335432	0.010297771	0.002900749	0.002013903	0.001450823	0.017840006	0.021918249	0.023154116	0.017048105	0.010284028	0.007033402	0.003719051	0.002682415	0.005889728	0.005501355	0.004604301	0	0.00058651	0.003688544	0.008358882	0.003333007	0.009301646	0.007351269	0.002748975	0.001679494	0.00053477	0.000760437	0.002742471	0.000679288	0.000286548	0.000868101	0.000933596	0.001080423	0.001007142	0.00243309	0.002428526	0.00281388	0.000701262	0.001000575	0.002355442	0.001872901	0.005694641	0.004818791	0	0	0.001288593	0.004097888	0.000973024	0.000645627	0.000523816	0.000371386	0.000267706	0.00027529	0.008939839	0.009457787	0.01551208	0.001893783	0.002208968	0.004909797	0.005061759	0.014833864	0.002936437	0.001526527	0.011317097	0.001527417	0.009065347	0.002229269	0.001741749	0.006014862	0.000402974	0.004987812	3.34E-05	0.001300969	0.004105308	0.002178843	0	0.001156424
d__Bacteria;p__Myxococcota	0.002070051	0.002387012	0.003469578	0.001573145	0.001061254	0.000384947	0.000657999	0.014256999	0.007774113	0.003838092	0.004731239	0.000355634	0.000488712	0.000175833	0.001204894	0.001414761	0.007906611	0.000943307	0.000319349	0.001372438	0.001231831	0.012522615	0.001969427	0.002365995	0.000493182	0.00018841	0.000842404	0.000347455	0.017500595	0.006881068	0.005420054	0.003033422	0.017757567	0.024340176	0.016205797	0.007780413	0.002377218	0.006574462	0.0038651	0.028767784	0.00332978	0.002922134	0.009632202	0.007304467	0.009882549	0.013181202	0.01617825	0.00462825	0.004046674	0.007874016	0.008317773	0.006984106	0.013167713	0.019952043	0.003001726	0.000833022	0.017351244	0.012045347	0.014553233	0.01739184	0.020435932	0.018555745	0.011499699	0.011357536	0.026040306	0.019084369	0.013369901	0.025783459	0.017046778	0.031800853	0.021356294	0.011032713	0.020031808	0.021500626	0.006508335	0.022227724	0.011444726	0.015188238	0.012850868	0.006688477	0.015906958	0.007835154	0.026429307	0.016546614	0.006495531	0.018699928	0.011467631	0.013918012	0.019331941	0.020658968	0.013384321	0.01211733	0.019117142
d__Bacteria;p__Actinobacteriota	0.03851674	0.036880128	0.024230628	0.005932621	0.01485756	0.006690117	0.001368637	0.114185212	0.098101905	0.011386812	0.008600926	0.000455211	0.001669766	0.0001055	0.004974048	0.028170382	0.03303739	0.002971418	0.001064495	0.00149178	0.001998303	0.029198458	0.010235661	0.009268173	0.002265972	0.001444474	0.00386436	0.000437535	0.064204902	0.026737032	0.031138211	0.038730296	0.135496615	0.110288368	0.021131788	0.022878464	0.067248309	0.040006818	0.013969938	0.070581143	0.095088575	0.110506312	0.077513878	0.040055904	0.081163993	0.066140461	0.112090283	0.085116104	0.120810906	0.081798205	0.064137385	0.050379353	0.064812512	0.052843505	0.080596343	0.066095999	0.023357444	0.032540807	0.030155783	0.040368781	0.05068425	0.034895108	0.017326384	0.045732116	0.064163067	0.048452996	0.034796023	0.034450449	0.04002287	0.032584583	0.031932745	0.025764379	0.048999329	0.038804212	0.007859481	0.047756595	0.018052693	0.056970875	0.041179891	0.025251424	0.048040906	0.041797253	0.040907481	0.043802031	0.026021097	0.047407052	0.021842281	0.060793143	0.036758077	0.042350885	0.014696074	0.016921558	0.031928157
d__Bacteria;p__Nitrospirota	0.002194254	0.00448948	0.021452145	0.019570985	0.017245382	0.015026216	0.010791178	0.002340273	0.00173319	0.00948901	0.010192608	0.001977325	0.00040726	0	0.003151261	0.005090364	0.00050581	0.002405433	0.001144332	0.000208849	0.00013687	0.00081806	0.002652698	0.003361345	0.002106021	0.000518127	0.000427888	0.000128687	0.000757133	0.013383095	0.016314363	0.013867071	0	0.001026393	0.017562229	0.025365882	0.009508872	0.025640401	0.047341165	0.000578732	0.0050969	0	0.000202783	0.00967776	6.57E-05	0.000442847	0	0.007369446	0.003968098	0.001025453	0.005743224	0	0.006622722	0	0.00245141	0.004193836	0.001205546	0.007689078	0.000984745	0	0.02375906	0.022198168	0.048598394	0.005552946	0.001260511	0.002776226	0.000857045	0.010892298	0.012726849	0.014837741	0.003949219	0.010198845	0.00648115	0.006818349	0.035186877	0.003246128	0.042287583	0.008829287	0.009797813	0.088622319	0.007498891	0.070077033	0.002768478	0.012221763	0.021227396	0.002485008	0.026214207	5.85E-05	0.014915494	0.026671258	0.014918405	0.004910988	0.014473375
d__Bacteria;p__Bacteroidota	0.050688637	0.039235524	0.061197145	0.045114586	0.051271847	0.032269198	0.020792757	0.00264178	0.001430302	0.000963064	0.001474862	0.000426761	0.003543163	0.002391335	0.000803262	0.000943174	0.00167716	0.002326825	0.001197557	0.005609094	0.007445731	0.002863211	0.001929235	0.006771641	0.00194607	0.001899797	0.003971332	0.001518505	0.021891968	0.005714786	0.007642276	0.009994041	0.030988292	0.051050831	0.003188806	0.01151154	0.006469954	0.009106847	0.001818871	0.048951049	0.007638047	0.028457381	0.023244024	0.007409947	0.027259181	0.039908305	0.027752933	0.005065252	0.007209366	0.016901666	0.017767216	0.013901218	0.052328835	0.04512962	0.006203567	0.007813173	0.003638164	0.002598016	0.006570345	0.010636332	0.012638355	0.012181503	0.01833805	0.004496041	0.01624829	0.015836709	0.009970289	0.0227383	0.021451411	0.013376549	0.005288225	0.008082104	0.008135911	0.008585524	0.006774758	0.004814173	0.015429944	0.006825052	0.003458052	0.005646432	0.011419261	0.007161477	0.025930337	0.010221704	0.00917169	0.016090189	0.00965467	0.013258035	0.013511817	0.015785571	0.018142203	0.007953666	0.018466653
d__Bacteria;p__Dependentiae	0.000579614	0.000442625	0.000733407	0.000906558	0.000829105	0.001194664	0.000644839	0.002828428	0.000959144	0.001628711	0.000949168	9.96E-05	5.43E-05	0	0.000401631	0.000998655	0.000692161	0.000188661	5.32E-05	0	4.11E-05	0.000833792	0.000629681	0.00040793	0.000119963	0	4.01E-05	3.86E-05	0.002314665	0.00338222	0.005149051	0.001597963	0.001954773	0.001148583	0.001832374	0.001359403	0.00122537	0.002434986	0.002601996	0.001133349	0.002088414	0.000210088	0.001166003	0.005880492	0.001555789	0.002969678	0.00047351	0.001787736	0.001237575	0.001501556	0.000424376	0.001390122	0.00054412	0.000520291	0.000775446	5.74E-05	0.000839576	0.000236183	0.000702236	0.000492803	0.000784991	0.000292081	0.000691519	0.000788485	0.000215209	0.000226987	0.000857045	0.000184048	6.35E-05	0.001594028	0.000186444	0.000705581	0.000900926	0.001045578	0.000228363	0.000412643	0.000221401	0.000858958	0.001240952	0.000218103	0.001141926	0.000629741	0.000684072	0.000538761	0.000545625	0.001228112	0.000459746	0.000944019	0.000102708	0	0.000155632	0.000667254	0.000144553
d__Bacteria;p__Firmicutes	0.223220447	0.382016788	0.099193253	0.055153382	0.015686665	0.004327338	0.011225457	0.002713568	0.002389446	0.005636755	0.003577635	0.001138029	0.00200915	0.000703334	0.002178077	0.01708809	0.001371012	0.00105336	0.001756417	0.000507205	0.000328488	0.039188233	0.058694283	0.027004977	0.021526732	0.003956603	0.006217741	0.01892984	0.002833842	0.003207278	0.001571816	0.001327122	0.001831313	0.000806452	0.001975156	0.002516342	0.001862562	0.00343333	0.002475685	0.000578732	0.002146832	0.000611165	0.000861829	0.001213016	0.000788851	0.003985621	0.000341979	0.001092505	0.001866185	0.002270646	0.00130142	0.005912205	0.000575213	0.000565534	0.000425245	0.000689398	0.000559718	0.003332808	0.000460086	0	0.00172698	0.001460406	0.000294536	0.001358878	0.001429604	0.00097779	0.001057022	0.001840481	0.000614108	0.001487759	0.001745792	0.007002352	0.000680291	0.000279803	0.001788841	0.000440153	0.000936696	0.013177345	0.006396876	0.001502484	0.002611156	0.00102516	0.002189029	0.001918876	0.001727811	0.001899736	0.001344541	0.001829559	0.002156869	0.002065897	0.002356708	0.001067606	0.001138355
d__Archaea;p__Halobacterota	0.000855621	0.000948482	0.002242532	0.006679198	0.006682585	0.003557443	0.00468495	0.00063173	3.37E-05	0.004291298	0.001810721	0.00257479	0.002660766	0.002127585	0.017702669	0.007240246	0.000612297	0.004323491	0.004710391	0.003848793	0.003257507	0.030378353	0.083854718	0.032373338	0.017434653	0.005024258	0.005549167	0.002689556	0.001233046	0.000291571	0	0	0	0	0.000237971	0	0	0.000340898	0.000328407	0	0.000496546	0	0	0.002821581	0	0	0	0	0.000117864	0.000274675	0	0	0	0	0	0	0	0.000682307	7.26E-05	0	0	0.000326444	0.003393564	0	0	0	0	0	0	0.001381491	0.001135612	0.01167415	0.000211442	0	0.002854533	0.000137548	0.005637209	0.000652542	0.000197306	0.001308615	0	0.002240708	0	2.21E-05	0.002286427	0	0.000251559	0	0	0	0	0	0
d__Bacteria;p__Latescibacterota	0.01476636	0.021372453	0.02785535	0.013904998	0.010894438	0.001659255	0.001618677	1.44E-05	0	8.50E-05	0	2.85E-05	8.15E-05	8.79E-05	0	0	0	0	0	0.000895068	0.000314801	0	0	0	2.67E-05	0	2.67E-05	7.72E-05	0	0	0	0	0	0	0	0	0	7.30E-05	0	0.000482276	0	0	0	0	0	0	0	0	0	0	0	0	0.000606306	0	0	0.000172349	0	0	0	0	0	0	0	0	0	0	0	0	0.000317642	0	0	0	0	0	0	0	0	0	0	0	0	0	0	0	0	0	0	0	0.000308124	0.000609175	0	0	5.42E-05
d__Bacteria;p__Bdellovibrionota	0.000524413	0.000553281	0.000860342	0.000173313	0.000132657	3.98E-05	6.58E-05	0.003201723	0.00132934	0.001033877	0.001912939	9.96E-05	0.000122178	0	0.000216263	0.000638029	0.000851891	9.43E-05	3.99E-05	7.46E-05	6.84E-05	0.002800283	0.000214359	0.000456882	1.33E-05	1.57E-05	8.02E-05	0	0.003288122	0.00119544	0.003224932	0.00216673	0.008395234	0.005156403	0.000951882	0.002574189	0.0019851	0.002434986	0.001995705	0.008946226	0.004673375	0.005825169	0.001799701	0.003770898	0.008962223	0.005939356	0.005787342	0.001350734	0.001610812	0.003131295	0.001895547	0.003868893	0.005270195	0.008528254	0.000950547	0.000689398	0.004886765	0.000288668	0.001138106	0.003613889	0.001282152	0.000910606	0.00184405	0.001358878	0.004765345	0.003474647	0.001171295	0.007311727	0.004701099	0.00342716	0.004084815	0.000566603	0.001287037	0.002974744	0.000266423	0.000302605	0.001260282	0.002297213	0.002575366	0.001260148	0.005316866	0.000732257	0.008144476	0.003136624	0.001519954	0.003473255	0.001544053	0.007560505	0.002967122	0.001642123	0.001978745	0.005444791	0.005709846
d__Bacteria;p__Gemmatimonadota	0.001021225	0.000790401	0.001509125	0.001439827	0.001691374	0.000530962	0.000513239	0.0011486	0.00121155	0.000325742	0.000584104	1.42E-05	0.000298657	5.28E-05	0	0	0.000226283	4.72E-05	6.65E-05	0.000179014	0.000191618	7.87E-05	0	0.000146855	8.00E-05	9.42E-05	0.000213944	0.00048901	0.003374651	0.001661953	0.00200542	0.002247982	0.00483549	0.006378299	0.000642521	0.001301556	0.002352711	0.002459336	0.000227359	0.011068242	0.000949279	0.002406463	0.001749005	0.001503085	0.002235078	0.006851099	0.003077813	0.001410325	0.00082505	0.001629738	0.001669213	0.002629507	0.005254648	0.00248835	0.001650949	0.002843765	0	0	8.88E-05	0.000410669	0.002433472	0.001116781	0	0.001342102	0.003689299	0.003090515	0.00217118	0.007077484	0.006479893	0.00249731	0.000627129	6.41E-05	0.001691534	0.002164789	0.000418665	0.000852796	0.000323586	0.001751209	0.001433066	0.000581607	0.002356586	0.00054187	0.003669843	0.002391215	0.001052276	0.003655553	0.001101656	0.000593145	0.005934244	0.003681534	0.000889324	0	0.006613302
d__Bacteria;p__Elusimicrobiota	5.52E-05	3.16E-05	0.00014104	0.000226639	0.000248731	0.000159289	0.00014476	0.001852118	0.000740392	0.002209381	0.001679298	0.00018493	0.011376132	0.008633422	0.000339842	0.000610289	0.000638918	0.000676037	0.003912019	0.006713011	0.005447428	0.001242822	0.000321539	0.001974382	0.000399877	0.000565229	0.003142299	0.002084727	0.003417916	0.000466513	0.000677507	0.000514598	0.002428033	0.002468231	0.000261768	0.002603112	0.001862562	0.001071394	0.001717822	0.003689414	0.000788632	0.002540155	0.002255963	0.003718158	0.001292839	0.003178076	0.001999263	0.000595912	0.000432169	0.000531038	0.001414587	8.37E-05	0.001523537	0.003687282	0	0.000833022	0.00322914	0.002571773	0.00308338	0.001314141	0.008111573	0.005497998	0.011320416	0.003254597	0.005457089	0.006827071	0.006599246	0.004852176	0.009148085	0.011569984	0.004762793	0.005494975	0.007768186	0.008158457	0.006165791	0.004814173	0.011053017	0.004021787	0.003400937	0.004774022	0.003971285	0.00492077	0.007637458	0.005675444	0.00329973	0.005420964	0.006184887	0.003149514	0.009529026	0.007972243	0.005802837	0.007820215	0.008618976
d__Archaea;p__Aenigmarchaeota	0.000524413	0.000695553	0.000564159	0.001573145	0.001923523	0.003092852	0.004540191	2.87E-05	0	0.000764786	0.00073013	0.000142254	0.000230781	0.000633	0.000216263	0.000152572	0	0.000204383	0.000412492	0.00617597	0.005378993	3.15E-05	5.36E-05	0.000277393	0.000546499	0.000423922	0.00108309	0.001621455	0	0	0.000406504	0	0	0	0	0.000231388	0	0	0.000227359	0	0	0	0	0	0	0	0	5.96E-05	0	0	8.49E-05	0	0	0	0	0	0	0	0	0	0	0	0	0	0	0	0	0	0	0.000106269	0.000101697	4.28E-05	0	0	5.71E-05	0	0	0	0	0	0	0	0	0	0	0	0	0	0	0	0	0	0
d__Bacteria;p__Patescibacteria	0.004650713	0.006196747	0.006360892	0.005172713	0.005538421	0.007911329	0.003013634	0.001794688	0.00052164	0.000481532	0.000949168	2.85E-05	8.15E-05	0.000281334	0	1.39E-05	0.000772026	6.29E-05	0.000119756	0.001864725	0.001806685	0.00089672	0.000361731	0.00029371	8.00E-05	6.28E-05	0.00036103	0.000347455	0.00181712	5.83E-05	0.000352304	0	0.002078232	0.0028348	7.14E-05	0.000318158	0.000318596	4.87E-05	0	0.005859658	0.001007696	0.003132222	0.001419482	0.000922947	0.002278903	0.004220069	0.000841795	0.000377411	0.000333949	0.000933895	0.000961919	0.000736932	0.003839935	0.005157671	0.000450259	0.001292621	0.002023594	0.000682307	0.001525547	0.001375742	0.002930633	0.001580675	0.003496011	0.000771708	0.005933623	0.008555664	0.008056222	0.014188432	0.013235076	0.00439686	0.001661045	0.002138123	0.001139947	0.002650762	0.00083733	0.000907815	0.002282133	0.00127179	0.000784033	0.000508906	0.002632976	0.000805483	0.007122392	0.003712287	0.001182187	0.007925162	0.002376801	0.004385928	0.004770219	0.005747431	0.008581973	0.006218806	0.009016497
d__Archaea;p__Thermoplasmatota	0.007327979	0.009990673	0.016656794	0.01261182	0.01248632	0.013300591	0.006579986	0.000588658	0.000185098	0.0044046	0.002862108	0.00039831	0.000420835	0.000562667	0.009561913	0.002649209	0.000359391	0.00070748	0.000159674	0.003102903	0.004065041	0.003067726	0.01710856	0.003230807	0.001626168	0.000486725	0.000307544	0.000244505	0.023146646	0.021313818	0.020108401	0.022371486	0.001214017	0.001783969	0.008471753	0.031121652	0.0433781	0.033408006	0.025615764	0.004943333	0.034320097	0.043087148	0.022635675	0.037814461	0.004229117	0.025841409	0.008233809	0.021075423	0.025478333	0.025453214	0.041702031	0.006297419	0.043591816	0.003800389	0.038972409	0.063654382	0	0.00212565	0	0	0.000811157	0.0008247	0.000845189	0	7.69E-05	0.000192066	0.000228545	0.000184048	0.00065646	0.002816116	0.001694944	0.01010263	0.001553637	0.001988072	0.002036234	0	0.001549807	0.000399515	0.000264806	0.001502484	0.000705521	0.003236578	0.001134754	0.000738029	0.002273436	0.000786759	0.001474658	0.000517957	0.000194004	0.000423774	0.000311263	0.002188593	0
d__Bacteria;p__NB1-j	0.000372609	0.000442625	0.000451327	0.000106654	1.66E-05	1.33E-05	0	8.61E-05	0.001194723	0	1.46E-05	0	0	0	0	0	5.32E-05	0	0	0	0	1.57E-05	0	0	0	0	0	0	0.000129794	0	0	0	0	0	0	5.78E-05	0	0	0	0.000409935	0	0	0	0	0	0	0	0	0	0	0.000113167	0.000334969	0.0008395	0	0	0	0	0	0	0	0	0	0	0	0	0	0	0.000351364	0.000105881	0	0	0	0	0	0	0	0	0	0	0	0	0	0	0	0	0	0	0	0.000616248	0	0	0	0
d__Archaea;p__Micrarchaeota	9.66E-05	0.000189696	4.23E-05	0.000146649	1.66E-05	9.29E-05	0	0.000244078	0.000168271	0.00036823	0.000379667	0	0.000176479	7.03E-05	4.63E-05	0.000110962	3.99E-05	0.00026727	0.000212899	0.000760808	0.000930716	0.000283175	0.000267949	0.000669005	0.000199939	0.000125606	0.000695317	0.001068101	0	0	0.000379404	0	0	0	0	0	0	0.000292198	0	0	0.000277482	0	0	0.000316439	0	0	0	0	0	0	0	0	0	0.00015835	7.50E-05	0.000172349	6.46E-05	0	0	0	0	0	0.000576266	0	0	0	0	0	0	0.000265671	0	0.0003421	3.68E-05	0.000323982	0.000323514	0	0.00100482	0	1.04E-05	0	0	0.000175742	0.000104623	0	6.50E-05	0	0	0.000233916	0	0.000132429	0.00057806	0	0.000234899
d__Bacteria;__	0.008790814	0.009769361	0.015598996	0.016144729	0.017892084	0.006663569	0.005671948	0.000473798	0.000185098	0.001614548	0.000817745	0.000312958	0.000855246	0.001019834	0.001714656	0.001608944	0.000252905	0.000974751	0.000425798	0.003699615	0.003668117	0.000361834	0.000241154	0.000979032	0.000453194	0.000455323	0.001898751	0.00097802	0.000778766	0.004344403	0.001761518	0.002464655	0.000267495	0.001515152	0.003807529	0.000404929	0.001396922	0.000998344	0.002147278	0.001880878	0.001577264	0.00141332	0.000785785	5.27E-05	0.000460163	0.000520996	0.00121008	0.001231552	0.000510745	0.00032961	5.66E-05	0.000502454	0.001865556	0.000859612	0.00040023	0.002010743	0.001270128	0.000209941	0.000548874	0.000574937	0.001412984	0.001718124	0.005199196	0.002499664	0.001014557	0.001082553	0.002628271	0.000368096	0.001588209	0.002723131	0.001694944	0.00087663	0.00170992	0.002061704	0.001046662	0.00123793	0.004019279	0.001917673	0.002087292	0.002568763	0.001796533	0.002035676	0.001706155	0.002000059	0.000948348	0.00180379	0.001873683	0.000877186	0.000935785	0.000370802	0.001467384	0.001548029	0.00104801
d__Bacteria;p__TA06	0.001587039	0.001675651	0.001269358	0.00322628	0.00300136	0.001393774	0.001895036	0	0	0	0	2.85E-05	0.000760219	0.001617668	0	0	0	0.000251549	0.000958046	0.002342095	0.001286579	3.15E-05	6.70E-05	0.001125887	0.001692814	0.001884097	0.002741155	0.003178566	0	0	0	0	0	0	0	0	0	0	0	0	0	0	0	0	0	0	0	0	0	0	0	0	0	0	0	0	0	0.000183698	0	0	0	0.000240537	0.004085082	0	0	0	0	0	0	0	0.000186444	0.001229421	0	0	0.003615742	0	0.0052455	0	0	0.000169635	0	0.000175742	0	0	0.000129911	0	0.000104093	0	0	0.000344316	0	0	0
d__Bacteria;p__Sva0485	0.003215478	0.003793927	0.017108121	0.05183378	0.052847146	0.056534147	0.041822393	0.00034458	0.000269233	0.007619533	0.01003198	0.019730572	0.01554376	0.016739344	0.008696861	0.009057242	0.000119797	0.027874729	0.021462882	0.016752693	0.016752895	0.000141587	0.000375129	0.011650485	0.015155352	0.021353095	0.027063889	0.021130386	0	0.002536665	0.003062331	0.00400845	0	0	0.003283994	0.005842541	0.001176355	0.013002825	0.011746874	0	0.000452733	0	0	0.003006171	0	0	0	0.00266174	0.001591168	0	0.001556046	0	0.001165972	0	0.000550316	0.002240542	0	0.000314911	0	0	0.004212785	0.007336392	0.027302181	0.000201315	0	0	0	0	0	0.000704029	0.000271191	0.000406243	0.001011243	0.000589058	0.025291162	0	0.024762846	0.000359564	0.000462112	0.017133164	0.000116375	0.020429982	0	0.000287831	0.01014602	0	0.004953115	0	0.000844489	0.005323657	0.001378452	0	0.001499738
d__Bacteria;p__Zixibacteria	0.002842869	0.003414534	0.006558348	0.006199256	0.008606109	0.002747727	0.002434595	0	0	0	0	0	0	0	0	0	2.66E-05	1.57E-05	0	0.000283438	0.000328488	0	0	0	0	0	0	0	0	0	0	0	0	0	0	0	0	0	0	0	0	0	0	0	0	0	0	0	0	0.000457792	0.000141459	0	0.00029538	0	0	0	0	0	0	0	0	0	0	0	0	0	0	0	0	0	0	0	0	0	0	0	0	0	0	0	0	0	0	0	0	0	0	0	0	0	0	0	0
d__Bacteria;p__WS1	0.001269631	0.001786307	0.003906801	0.002013092	0.002503897	0.001327404	0.000921198	1.44E-05	0	0	1.46E-05	5.69E-05	0.000583739	0.000773667	1.54E-05	4.16E-05	2.66E-05	1.57E-05	0.000159674	0.000223767	0.000506419	1.57E-05	2.68E-05	9.79E-05	6.66E-05	0.000157008	0.000855775	0.000476141	0	0	0	0	0	0	0	0	0	0	0	0	0	0	0	0	0	0	0	0	0	0	0	0	0	0	0	0	0	0	0	0	0	0	0	0	0	0	0	0	0	0	0	0	0	0	0	0	0	0	0	0	0	0	0	0	0	0	0	0	0	0	0	0	0
d__Bacteria;p__RCP2-54	0.000220805	0.000284544	0.000197456	6.67E-05	0	0	0	0.004996411	0.001951942	0.012434852	0.008761554	0.000312958	0.000991	0.000123083	0.01092128	0.00203892	0.00117135	0.000628871	0.000146368	5.97E-05	1.37E-05	0.00171478	0.000214359	0.000277393	2.67E-05	1.57E-05	0.000200572	6.43E-05	0.025526208	0.019447765	0.030108401	0.029169601	0.015905677	0.008993157	0.0145638	0.034766009	0.034187825	0.020502581	0.022053808	0.014709429	0.019467527	0.023930938	0.036374236	0.015663731	0.023753177	0.023210378	0.023675488	0.034562899	0.042431148	0.035634499	0.018559384	0.012293366	0.013805112	0.013301362	0.03834705	0.022405423	0	0	0	0	0	0	0	0	0	0	0	0	0	0	0	0	0	0	0	0	0	0	0	0	0	0	0	0	0	0	0	0	6.85E-05	0	0	0	0
d__Bacteria;p__WPS-2	4.14E-05	1.58E-05	5.64E-05	1.33E-05	8.29E-05	0.000106192	2.63E-05	0.019985642	0.019940096	0.004107183	0.003825879	4.27E-05	0.000217205	8.79E-05	0.000185368	0.000319015	0.006216141	4.72E-05	3.99E-05	8.95E-05	4.11E-05	0.010068434	0.000616283	0.002969732	0.000213268	0	0.000401145	2.57E-05	0.01382309	0.012595854	0.016693767	0.020936027	0.029156979	0.020625611	0.007995812	0.003875745	0.019458877	0.003555079	0.002879879	0.012515071	0.014969404	0.023854543	0.016704266	0.008675703	0.01301604	0.012712306	0.01233756	0.007627674	0.010902448	0.008185314	0.013919538	0.011305207	0.008317269	0.014794372	0.014283213	0.021026628	0.011258934	0.002073164	0.002558721	0.005133365	0.003898788	0.003711149	0.001626349	0.01840357	0.015541174	0.015662104	0.019769169	0.007696555	0.007665756	0.010653419	0.006152647	0.001111824	0.00330033	0.003681614	0.001655629	0.0037413	0.001481683	0.011153134	0.013250672	0.00409548	0.014059511	0.004291028	0.012289145	0.011513255	0.005417273	0.01105301	0.005412861	0.012556286	0.004929987	0.004820426	0.004580017	0.00699282	0.012034042
d__Archaea;p__Asgardarchaeota	0.029601722	0.030746613	0.038207667	0.004172833	0.003764136	0.001141568	0.000631679	1.44E-05	0	0.00073646	4.38E-05	4.27E-05	0.000135753	7.03E-05	0.001266683	0.001068006	2.66E-05	0.001116247	0.000439104	0.000730972	0.000246366	3.15E-05	9.38E-05	0.001207473	0.005091772	0.001742789	0.000681946	0.000373192	0	0	0	0	0	0	0	0	0	0	0	0	0	0	0	0	0	0	0	0	0	0	0	0	0	0	0	0	0	0	0	0	0	0	0	0	0	0	0	0	0	0	0	7.48E-05	0	0	0.000152242	0	0.000170308	0	0	0	0	0	0	0	0	0	0	0	0	0	0	0	0
d__Bacteria;p__WS2	0.000883222	0.001391106	0.003709345	0.002026423	0.001873777	0.00118139	0.001447597	0	0	0	0	0	4.07E-05	0.000422	0	0	0	0	0	0.000193931	0.000287427	0	0	0	0	0	0	6.43E-05	0	0	0	0	0	0	0	0	0	0	0	0.000385821	0	0	0	0	0	0	0	0	0	9.16E-05	0	0	0	0	0	0	0	0	0	0	0	0	0	0	0	0	0	0	0	0	0	0	0	0	0	0	0	0	0	0	0	0	0	0	0	0	0	0	0	0	0	0	0
d__Bacteria;p__WS4	0.000124203	9.48E-05	8.46E-05	0.000106654	6.63E-05	0	6.58E-05	0.000488155	8.41E-05	5.67E-05	2.92E-05	0	0	0	0.000509763	0.000735121	0.000133108	7.86E-05	0	1.49E-05	0	0.001935027	0.000522501	0.00011422	0	3.14E-05	2.67E-05	0	8.65E-05	0	5.42E-05	0	0	0	0	0	0	0	0	0	0	0	0	0	0	0	0	0	0	0	0	0	0	0	0	0	0.000645828	0.000656065	0.00024215	0	0	0	0	0	0	0	0	0	0	0	0.00028814	0.000662818	0.000101124	0	0	0	0.000153278	0.000133172	0	0	0	0.000205032	0.000619688	0.000273071	0.000155893	0.00012473	0	0	0	0	0	0	0
d__Bacteria;p__GAL15	9.66E-05	0.000221312	5.64E-05	0.000159981	1.66E-05	1.33E-05	0	0.001048098	0.001918288	0.005013596	0.004366175	0.000640141	0.000705917	3.52E-05	0.00298134	0.001692165	0.001144728	0.000314436	0.000186287	2.98E-05	0	9.44E-05	0.000589488	0.000456882	0.000399877	0.000235512	0.000280801	0.000154424	0.001925282	0.021022247	0.017452575	0.016629652	0.000185189	0.000219941	0.012207891	0.01917626	0.011273405	0.008838999	0.004799798	9.65E-05	0.00622143	0.000763957	0.005348407	0.006117821	0	0.007893092	0.000236755	0.004528932	0.004085962	0.007837392	0.002829174	0	0.002378583	0.000294078	0.005553193	0.004854508	0.000688883	0.001207159	0	0	0.000444828	0.000755975	0.001959303	0.00125822	0.000169093	0.000366671	0.000457091	0.001154483	0.001101158	0.000332089	0.00059323	0.000673509	0.000450463	0.000441794	0.002435868	0.000302605	0.002060732	0.000432808	0.000773648	0.001405549	0.000465499	0.001259483	0.000201198	0.000568282	0.001273124	0.000230271	0.000945516	0.000325812	0.0005706	0.000979977	0.00028903	0.000213521	0.001210632
d__Bacteria;p__MBNT15	0.000483012	0.000632321	0.001325774	0.000399952	0.00063012	0.000292029	0.000302679	0	0	0.001586223	0.00045268	7.11E-05	5.43E-05	3.52E-05	0	0	0	0.000455932	0.000585472	0.000656383	0.000383236	0	2.68E-05	0.000489516	0.000119963	0.000251213	0.000574974	0.000514748	0	0	0	0	0	0	0	0	0.000122537	0	0	0	0	0	0	0	0.000131475	0.001015942	0	0	0	0	0	0.000167485	0	0	0	0	0	0	0	0	0	0.000670069	0.001651961	0	0	0	0.000257113	0	0	0.000982984	0	0	0.001581217	0.002842206	0.006565426	0.000550191	0.011393634	0.000199758	0.000129807	0.008045559	0.000305483	0.007849799	0.000128766	0.000103324	0.001208169	6.72E-05	0.002480895	0	0.001734625	0.0026221	0	0.000240211	0.001987605
d__Bacteria;p__Calditrichota	0.005975546	0.007350733	0.011353699	0.005599328	0.006450436	0.001261034	0.002066116	0	1.68E-05	0	0	0	0	0	0	0	0	0	0	0	0	0	0	1.63E-05	0	0	0	0	0	0	0	0	0	0	0	0	0	0	0	0	0	0	0	0	0	0	0	0	0	0	0	0	0	0	0	0	0	0	0	0	0	0.00013745	0	0	0	0	0	0	0	0	0	0	0	0	0	0	0	0	0	0	0	0	0	0	0	0	0	0	0	0	0	0	0
d__Bacteria;p__SAR324_clade(Marine_group_B)	0.001669841	0.001881155	0.002383572	0.000493274	0.000348224	6.64E-05	1.32E-05	0.000531228	0.000235579	0.000991389	0.001343438	0.000113803	5.43E-05	0	0.002409787	0.003633993	0.000252905	0.00026727	0.000159674	8.95E-05	6.84E-05	0.001054039	0.00016077	0.00081586	0.000253256	0.000109906	4.01E-05	2.57E-05	0.001254678	0.001137126	0.000731707	0.001272954	0.001111134	0.0007087	0.000237971	0.000809857	0.000588178	0.000584397	0.000277883	0.000192911	0	0	7.60E-05	0.000342809	0	0.000781494	0	0	0	0.000695843	0.000396084	0.000251227	0.002736148	0.000135728	0	0.000258524	0.004886765	0.000209941	0.001953346	0.003038952	0.003087631	0.003144168	0.000601877	0.001308549	0.003550951	0.00226987	0.002456862	0.000184048	0.00179997	0.008886704	0.00454245	0.000587984	0.003962235	0.002356233	0.000551876	0.004236472	0.000510925	0.00183777	0.000690572	0.001575185	0.003047561	0.000849419	0.002551185	0.003070201	0.001597901	0.003770688	0.000850097	0.000501249	0.002761706	0.002039411	0.003179332	0.000880775	0.002403195
d__Bacteria;p__Fibrobacterota	0.000317408	0.000600705	0.001438605	0.000799904	0.000514045	0.000743346	0.000460599	0	0	1.42E-05	0	0.000113803	4.07E-05	3.52E-05	0	0	2.66E-05	0.000110053	1.33E-05	0.000238685	0.000314801	7.87E-05	5.36E-05	0.00040793	0.000853072	0.000690835	0.000414516	7.72E-05	0	0	0	0.000135421	0.000514414	0	0	0	0	7.30E-05	0	0.000385821	0	0	0	0	0.000591638	0.000260498	0.000368285	0	0	0.000201428	0	0	0.000108824	0.001470389	0	0	0	0	8.88E-05	0	0.000156998	0	0.002369092	0	0.000261325	0.000401592	0.000257113	0	0.001439976	0	0	0.00017105	0	0	0	0	0.001720115	1.33E-05	0	0	0	8.79E-05	0.000289724	0	9.09E-05	0.000287839	2.60E-05	0	0.001004257	0.000344316	0.000511361	0.000133451	0.000144553
d__Bacteria;p__LCP-89	0.001449035	0.00248186	0.002045076	0.001826447	0.002387822	0.00118139	0.000815918	0	0	0	0	0	1.36E-05	0	0	0	0	0	0	0.000805561	0.000602228	0	0	0	0	0	0	0	0	0	0	0	0	0	0	0	0	0	0	0	0	0	0	0	0	0	0	0	0	0	0	0	0	0	0	0	0	0	0	0	0	0	0	0	0	0	0	0	0	0	0	0	0	0	0	0	0	0	0	0	0	0	0	0	0	0	0	0	0	0	0	0	0
d__Bacteria;p__Fusobacteriota	4.14E-05	1.58E-05	4.23E-05	2.67E-05	0.001824031	2.65E-05	5.26E-05	0	0	0	0	0	0	0	0	0	0	0	0	0	0	3.15E-05	0	0	0	0	0	0	0	0	0	0	0	0	0.000166579	5.78E-05	0	0	0	0	0	0	0	0	0	0	0	0	0	0	0	5.02E-05	0	0	0	0	0	0	0	0	0	0	0	0	0	0	0	0	0	0	0	0	0	0	0	0	0	0	0	0	0	0	0	0	0	0	0	0	0	7.95E-05	0	0	0
d__Bacteria;p__MAT-CR-M4-B07	4.14E-05	0	0	0	0	1.33E-05	0	0	0	0	0	0	0	0	0	0	0	0	0	0	0	0	0	0	0	0	0	0	0	0	0	0	0	0	0	0	0	0	0	0	0	0	0	0	0	0	0	0	0	0	0	0	0	0	0	0	0	0	0	0	0	0	0	0	0	0	0	0	0	0	0	0	0	0	0	0	0	0	0	0	0	0	0	0	0	0	0	0	0	0	0	0	0
d__Bacteria;p__Deinococcota	0	4.74E-05	1.41E-05	0	3.32E-05	0	0	0	0	0	0	0	0	0	0	0	0	0	0	0	0	0	0	0	0	0	0	0	0	0	0	0	0	0	0	0	0	0	0	0	0	0	0	0	0	0	0	0	0	0	0	0	0	0	0	0	0	0	0	0	0	0	0	0	0	0	0	0	0	0	0	0	0	0	0	0	0	0	0	0	0	0	0	0	0	0	0	0	0	0	0	0	0
d__Bacteria;p__Apal-E12	0.000110403	3.16E-05	0	0	0	0	0	0	0	0	0	0	0	0	0	0	0	0	0	0	0	0	0	0	0	0	0	0	0	0	0	0	0	0	0	0	0	0	0	0	0	0	0	0	0	0	0	0	0	0	0	0	0	0	0	0	0	0	0	0	0	0	0	0	0	0	0	0	0	0	0	0	0	0	0	0	0	0	0	0	0	0	0	0	0	0	0	0	0	0	0	0	0
d__Archaea;p__Hadarchaeota	2.76E-05	1.58E-05	0.001466813	0.00207975	0.002520479	0.001553063	0.003053114	0	1.68E-05	2.83E-05	0.000219039	0.000640141	0.009000448	0.010884091	0.000123579	0	0	0.000235827	0.006639788	0.015171406	0.016520216	3.15E-05	2.68E-05	0.000244758	0.001506205	0.002480727	0.008437408	0.032905235	0	0	0	0	0	0	0	0	0	0.000657446	0.000378931	0	0	0	0	0.000369179	0	0	0	0	0	0	0	0	0	0	0	0.000459598	0	0	0	0	0	0	0	0	0	0	0	0	0	0	0	0	0	0	0	0	0	0	0	0	0	0	0	0	0	0	0	0	0	0	0	0	0
d__Bacteria;p__PAUC34f	0	0	0	8.00E-05	9.95E-05	0	6.58E-05	0	0	0	0	0	0	0	0	0	0	0	0	1.49E-05	0	0	0	0	0	0	0	0	0	0	0	0	0	0	0	0	0	0	0	0	0	0	0	0	0	0	0	0	0	0	0	0	0	0	0	0	0	0	0	0	0	0	0	0	0	0	0	0	0	0	0	0	0	0	0	0	0	0	0	0	0	0	0	0	0	0	0	0	0	0	0	0	0
d__Bacteria;p__FCPU426	5.52E-05	0.000300353	0.000225664	0.000106654	6.63E-05	0	0	0.00143575	0.000487985	0.001501246	0.000686322	9.96E-05	6.79E-05	0.000140667	0.001699209	0.001511852	0.000572364	0.000377323	6.65E-05	4.48E-05	0.000246366	0.000770864	0.000227757	0.001452231	0.000293243	0.000329717	0.000240687	0.00019303	0.010556601	0.009242791	0.007859079	0.007827312	0.012078438	0.011094819	0.005806482	0.006276393	0.009043231	0.004602123	0.004117721	0.005570292	0.007623443	0.011306557	0.009429419	0.017034967	0.011635551	0.005809107	0.013994844	0.010607234	0.006698621	0.008496612	0.003253551	0.004806807	0.007120204	0.029973307	0.007404257	0.005888605	0.00161457	0.001390857	0.013003471	0.014209154	0.008190072	0.008985791	0.004494871	0.006861495	0.012128572	0.02138916	0.01648383	0.014690381	0.014653876	0.004662531	0.003050899	0.00277956	0.008522022	0.009690008	0.002321687	0.014112404	0.004206618	0.004661011	0.003515167	0.003271538	0.007266142	0.00199174	0.012305241	0.012376749	0.004300042	0.021933317	0.011458957	0.016140216	0.012906981	0.006515521	0.016030059	0.011850428	0.00832987
d__Archaea;__	2.76E-05	1.58E-05	7.05E-05	9.33E-05	0.000165821	7.96E-05	2.63E-05	0	0	7.08E-05	0.00045268	0.002660142	0.004819244	0.00430792	0.001900025	0	0	0.010140553	0.004098306	0.003073067	0.004311407	0	0	0.000163172	0.00017328	0.004364824	0.00485385	0.004967314	0	0	0	0	0	0	9.52E-05	0	0	0	0	0	0	0	0	0	0	0	0	0	0	0	0	0	0	0	0	0	0	0	0	0	0	0	0.000140865	0	0	0	0	0	0	0	0	0	0	0	0.000818299	0	0	0	0	0	0	0	0	0	2.60E-05	0	0	0	0	0	0	0	0
d__Bacteria;p__Schekmanbacteria	0.000234606	0.00023712	0.000550055	0.001493154	0.001724538	0.000371673	5.26E-05	0	0	1.42E-05	0.000292052	0	0	0	1.54E-05	0	0	3.14E-05	0	1.49E-05	0	0	0	0	0	0	1.34E-05	2.57E-05	0	0.006676969	0.00300813	0.005308488	0	0	0.012255485	0.00358651	0.002328203	0.004188176	0.006088165	0	0.00061338	0	0.000887176	0.002320553	0	0	0	0.003496017	0.002828743	0.00076909	0.002998925	0	0.000342019	0	0.000650374	0.001062821	0	0	0	0	0	0	0	0	0	0	0	0	0	0	0	0	0	0	0	0	0.000272493	0	0	0	0	0	0	0	0	0	0	0	0	0.000397288	0.000244564	0	0
d__Bacteria;p__CK-2C2-2	0.00042781	0.000663937	0.00088855	0.000453279	0.000298478	0.000119466	0.00014476	0	0	0	0	0	0	0	0	0	0	0	0	0.000179014	6.84E-05	0	0	0	0	0	0	0	0	0	0	0	0	0	0	0	0	0	0	0	0	0	0	0	0	0	0	0	0	0	0	0	0	0	0	0	0	0	0	0	0	0	0	0	0	0	0	0	0	0	0	0	0	0	0	0	0	0	0	0	0	0	0	0	0	0	0	0	0	0	0	0	0
d__Bacteria;p__Methylomirabilota	4.14E-05	3.16E-05	5.64E-05	0.000213308	0.000132657	5.31E-05	7.90E-05	1.44E-05	5.05E-05	0.004376275	0.003490019	0.008364511	0.003285231	0.002127585	0.003769155	0.000721251	5.32E-05	0.005675565	0.003832182	0.001954232	0.001834059	0.000141587	0.000348334	0.002773925	0.008077523	0.004977155	0.004532934	0.004645596	0	0.005510686	0.002845528	0.003927198	0	0	0.006948741	0.006131775	0.000833252	0.009082497	0.004395604	0.000337593	0.000248273	0	7.60E-05	0.004456516	0	0	0	0.000973323	0.002671591	3.66E-05	0.001867255	0	0.000917232	0	0	0.002183093	0	0.000524852	0	0	0.000261664	0.001168325	0	0	0	0	0	0	0	0.000305522	0	0.000962155	0	0.00020617	0.006489305	0	0.006233288	0.000119855	0.000140191	0.003974312	5.09E-05	0.006224188	0	0	0.003117855	0	0.00087612	0	0.000604836	0.002728043	0.000689226	0	0.000614351
d__Bacteria;p__NKB15	0.000289807	0.00023712	0.000352599	0	4.97E-05	1.33E-05	0	0	0	0	0	0	0	0	0	0	0	0	0	4.48E-05	0	0	0	0	0	0	0	0	0	0	0	0	0	0	0	0	0	0	0	0	0	0	0	0	0	0	0	0	0	0	0	0	0	0	0	0	0	0	0	0	0	0	0	0	0	0	0	0	0	0	0	0	0	0	0	0	0	0	0	0	0	0	0	0	0	0	0	0	0	0	0	0	0
d__Bacteria;p__Hydrogenedentes	0.000193205	0.00023712	0.000310287	0.000279966	0.000265314	0.000199111	9.21E-05	0	0	0	0	0	0	0	0	0	0	0	0	8.95E-05	4.11E-05	0	0	0	0	3.14E-05	0	0	0	0	0	0	0	0	0	0	0	0	0	0.000144683	0	0	0	0	6.57E-05	0	0	0	0	0.00010987	0	0	0	0	0	0.000172349	0	0	0	0	0.000104665	0	8.96E-05	0	0	0	0	0	0	0	0	6.41E-05	0	0	0	0	6.81E-05	1.33E-05	0	0	0	2.93E-05	0	0	0	0	8.67E-05	0	0	0	0	0	0
d__Bacteria;p__Poribacteria	9.66E-05	9.48E-05	5.64E-05	2.67E-05	4.97E-05	1.33E-05	5.26E-05	0	0	0	0	0	0	0	0	0	0	0	0	0	0	0	0	0	0	0	0	0	0	0	0	0	0	0	0	0	0	0	0	0	0	0	0	0	0	0	0	0	0	0	0	0	0	0	0	0	0	0	0	0	0	0	0	0	0	0	0	0	0	0	0	0	0	0	0	0	0	0	0	0	0	0	0	0	0	0	0	0	0	0	0	0	0
d__Bacteria;p__Abditibacteriota	2.76E-05	3.16E-05	5.64E-05	0.000119986	3.32E-05	2.65E-05	0	0	0	0	0	0	0	0	1.54E-05	0	0	0	0	1.49E-05	0	0	0	0	0	0	0	0	6.49E-05	0	0	0	0	0.000146628	0	0	0	0	0	0.000217024	0	0	0	0	0.0001753	0	0	0	0	0	0	0	0	0.000113107	0	0	0	0	0	0	0	0	0	0	0	0	0	0	0	2.66E-05	0	0	0	0	0	0	0	0	0	0	0	0	0	0	0	0	0	0	0	0	0	0	0
d__Bacteria;p__uncultured	0	4.74E-05	7.05E-05	2.67E-05	4.97E-05	5.31E-05	0	0	0	0	0	0	0	7.03E-05	0	0	0	0	0	7.46E-05	8.21E-05	0	0	0	0	6.28E-05	0	1.29E-05	0	0	0	0	0	0	0	0	0	0	0	0	0	0	0	0	0	0	0	0	0	0	0	0	0	0	0	0	0	0	0	0	0	0	0	0	0	0	0	0	0	0	0	0	0	0	0	0	0	0	0	0	0	0	0	0	0	0	0	0	0	0	0	0	0
d__Bacteria;p__WOR-1	2.76E-05	0	9.87E-05	8.00E-05	9.95E-05	1.33E-05	0	0	0	0	0	0	0	8.79E-05	0	0	0	7.86E-05	1.33E-05	0.00149178	0.001368701	0	0	6.53E-05	2.67E-05	0	6.69E-05	0.000205899	0	0	0	0	0	0	0	0	0	0	0	0	0	0	0	0	0	0	0	0	0	0	0	0	0	0	0	0	0	0	0	0	0	0.000481075	0.003752129	0	0	0	0	0	0	0	0	0	0	0	0.000285453	0	0.003321014	0	0	0	0	7.32E-05	0	0	0	0	0.000147466	0	6.85E-05	0.000291344	8.89E-05	0	0
d__Bacteria;p__Caldatribacteriota	0.004609312	0.00553281	0.006953259	0.000893226	0.000563791	0.000146014	6.58E-05	0	0	0	0	0	2.72E-05	0	0	0	1.33E-05	0	0	0	0	0	0	0	0	0	0	0	0	0	0	0	0	0	0	0	0	0	0	0	0	0	0	0	0	0	0	0	0	0	0	0	0	0	0	0	0	0	0	0	0	0	0	0	0	0	0	0	0	0	0	0	0	0	0	0	0	0	0	0	0	0	0	0	0	0	0	0	0	0	0	0	0
d__Archaea;p__Euryarchaeota	0.001835445	0.001881155	0.002214324	0.000533269	0.000447717	0.000159289	0.00023688	0.000660445	0.000100963	1.42E-05	0	2.85E-05	0	1.76E-05	0	0.000110962	0.000412635	0	2.66E-05	1.49E-05	0	6.29E-05	0.000455514	4.90E-05	0	3.14E-05	8.02E-05	0	0.000129794	0	0	0	0	0	0	0	0	0	0	0	0.00010223	0	0	0	0	0	0	0	0	0	0	0	0	0	0	0	0	0	0	0	0	0	0	0	0	0	0	0	0	0	0	0	0	7.36E-05	0	0	0	0	0	0	0	0	3.22E-05	0	0	0	0	5.85E-05	0	0.000105943	0	0	0
d__Bacteria;p__Acetothermia	1.38E-05	3.16E-05	0.000267976	0.002506366	0.00300136	0.003530895	0.002039796	0	0	0	0	0	0	0	0	0	0	0	0	7.46E-05	9.58E-05	0	0	0	0	0	0	0	0	0	0	0	0	0	0	0	0	0	0	0	0	0	0	0	0	0	0	0	0	0	0	0	0	0	0	0	0	0	0	0	0	0	0	0	0	0	0	0	0	0	0	0	0	0	0	0	0	0	0	0	0	0	0	0	0	0	0	0	0	0	0	0	0
d__Archaea;p__Altiarchaeota	4.14E-05	1.58E-05	2.82E-05	0.000119986	0.000248731	0.000199111	1.32E-05	0	0	0	0	0	0	0	0	0	0	0	0	2.98E-05	2.74E-05	0	0	0	0	0	0	0	0	0	0	0	0	0	0	0	0	0	0	0	0	0	0	0	0	0	0	0	0	0	0	0	0	0	0	0	0	0	0	0	0	0	0	0	0	0	0	0	0	0	0	0	0	0	0	0	0	0	0	0	0	0	0	0	0	0	0	0	0	0	0	0	0
d__Bacteria;p__10bav-F6	2.76E-05	0	5.64E-05	0.000279966	0.000198985	0.000212385	2.63E-05	0	0	0	0	0	0	7.03E-05	0	0	0	0	0	2.98E-05	0	0	0	0	0	0	0	0	0	0	0	0	0	0	0	0	0	0	0	0	0	0	0	0	0	0	0	0	0	0	0	0	0	0	0	0	0	0	0	0	0	0	0	0	0	0	0	0	0	0	0	0	0	0	0	0	0	0	0	0	0	0	0	0	0	0	0	0	0	0	0	0	0
d__Bacteria;p__DTB120	0	0	0	0	0	0	0	0	0	0	0	0	0	0	0	0	0	0	0	0	0	0	0	0	0	0	0	0	0	0	0	0	0	0	0	0	0	0	0	0	0	0	0	0	0	0	0	0	0	0	0	0	0	0	0	0	0	0	0	0	0	0	0	0	0	8.73E-05	0	0	0	0	0	0	0	0	0	0	0	0	0	0	0	0	0	0	0	0.000115136	0	0	0	0	0	0	0
d__Bacteria;p__Marinimicrobia_(SAR406_clade)	0.000165604	0.000252928	0.000112832	0.000453279	0.000829105	0.000464591	0.00015792	0	0	0	0	0	0	0	0	0	0	0	0	0	0	0	0	0	0	0	0	0	0	0	0	0	0	0	0	0	0	0	0	0	0	0	0	0	0	0	0	0	0	0	0	0	0	0	0	0	0	0	0	0	0	0	0	0	0	0	0	0	0	0	0	0	0	0	0	0	0	0	0	0	0	0	0	0	0	0	0	0	0	0	0	0	0
d__Bacteria;p__BHI80-139	0	0	0	9.33E-05	1.66E-05	1.33E-05	0	0	0	0	0	0	0	0	0	0	0	0	0	0	0	0	0	0	0	0	0	0	0	0	0	0	0	0	0	0	0	0	0	0	0	0	0	0	0	0	0	0	0	0	0	0	0	0	0	0	0	0	0	0	0	0	0	0	0	0	0	0	0	0	0	0	0	0	0	0	0	0	0	0	0	0	0	0	0	0	0	0	0	0	0	0	0
d__Bacteria;p__FW113	8.28E-05	0.000173888	0.000197456	4.00E-05	8.29E-05	3.98E-05	0	0	0	0	0	0	0	0	0	0	0	0	0	0	0	0	0	0	0	0	0	0	0	0	0	0	0	0	0	0	0	0	0	0	0	0	0	0	0	0	0	0	0	0	0	0	0	0	0	0	0	0	0	0	0	0	0	0	0	0	0	0	0	0	0	0	0	0	0	0	0	0	0	0	0	0	0	0	0	0	0	0	0	0	0	0	0
d__Bacteria;p__Campylobacterota	0.000634815	0.000284544	0.000521847	0.000133317	0.000497463	0.00013274	3.95E-05	0	0	0	0	0	0	0	0	0	0	0	0	0	0	0	0	0	0	0	0	0	0	0	0	0	0	0	0	0	0	0	0	0	0	0	0	0	0	0	0	0	0	0	0	0	0	0	0	0	0	0	0	0	0	0	0	0	0	0	0	0	0	0	0	0	0	0	0	0	0	0	0	0	0	0	0	2.21E-05	0	0	0	0	0	0	0	0	0
d__Bacteria;p__Dadabacteria	0	0	2.82E-05	0	0	0	0	0	0	0	0	0	0	0	0	0	0	0	0	0	0	0	0	0	0	0	0	0	0	0.006647812	0.004769648	0.004820974	0	0	0.002593879	0.007028403	0.003136947	0.00508912	0.005582923	0	0.00571028	0	0.000304175	0.002927061	0	0.001172241	0	0.002343921	0.00092327	0.001080388	0.001075086	0.001373373	0.00113488	0	0.001400805	0.001780944	0	0	0	0	0	0	0	0	0	0	0	0	0	0	0	0	0	0	0	0	0	0	0	0	0	0	0	0	0	0	0	0	0	0	0	0	0
d__Bacteria;p__Modulibacteria	6.90E-05	4.74E-05	0.000267976	0.000319962	0.000248731	0.000106192	0.00014476	0	0	0	0	0	0	0	0	0	0	0	0	0	0	0	0	1.63E-05	0	0	0	0	0	0	0	0	0	0	0	0	0	0	0	0	0	0	0	0	0	0	0	0	0	0	0	0	0	0	0	0	0	0	0	0	0	0	0	0	0	0	0	0	0	0	0	0	0	0	0	0	0	0	0	0	0	0	0	0	0	0	0	0	0	0	0	0	0
d__Bacteria;p__Desantisbacteria	1.38E-05	0	0	2.67E-05	0	0	0	0	0	0	0	0	0	0	0	0	0	0	0	2.98E-05	2.74E-05	0	0	0	0	0	0	0	0	0	0	0	0	0	0	0	0	0	0	0	0	0	0	0	0	0	0	0	0	0	0	0	0	0	0	0	0	0	0	0	0	0	0	0	0	0	0	0	0	0	0	0	0	0	0	0	0	0	0	0	0	0	0	0	0	0	0	0	0	0	0	0	0
d__Bacteria;p__Aerophobota	0.000110403	7.90E-05	7.05E-05	0.000133317	8.29E-05	9.29E-05	0	0	0	0	0	0	0	0	0	0	0	0	0	0	0	0	0	0	0	0	0	0	0	0	0	0	0	0	0	0	0	0	0	0	0	0	0	0	0	0	0	0	0	0	0	0	0	0	0	0	0	0	0	0	0	0	0	0	0	0	0	0	0	0	0	0	0	0	0	0	0	0	0	0	0	0	0	0	0	0	0	0	0	0	0	0	0
d__Bacteria;p__Firestonebacteria	0	0	0	0	0	0	0	0	0	0	0	0	0	0	0	0	0	0	0	0	1.37E-05	0	0	1.63E-05	0	0	0	0	0	0	0	0	0	0	0	0	0	0	0	0	0	0	0	0	0	0	0	0	0	0	0	0	0	0	0	0	0	0	0	0	0	0	0.000192089	0	0	0	0	0	0	0	0.000152545	0.000267265	0	0	0	0	0.000153278	0	0	0	0	0	0	0	5.20E-05	0	7.81E-05	0	0	0	0	0	0
d__Archaea;p__Iainarchaeota	2.76E-05	0	5.64E-05	6.67E-05	6.63E-05	0	5.26E-05	0	0	0	0	0	0	0	0	0	0	0	0	5.97E-05	0.000205305	0	0	0	0	0	0	0	0	0	0	0	0	0	0	0	0	0	0	0	0	0	0	0	0	0	0	0	0	0	0	0	0	0	0	0	0	0	0	0	0	0	0	0	0	0	0	0	0	0	0	0	0	0	0	0	0	0	0	0	0	0	0	0	0	0	0	0	0	0	0	0	0
d__Bacteria;p__Entotheonellaeota	0	0	0	0	0	0	0	0	0	0	0	0	0	0	0	0	0	0	0	0	0	0	0	0	0	0	0	0	0	0	0	0	0	0	0	0	0	0	0	0	0	0	0	0	0	0	0	0	0	0	0	0	0.000513028	0	0	0	0	0	0	0	0	0	0	0	0	0	0	0	0	0	0	0	0	0	0	0	0	0	0	0	0	0	0	0	0	0	0	0	0	0	0	0	0
d__Bacteria;p__GN01	0.001035025	0.001612419	0.00138219	0.000253303	9.95E-05	0	6.58E-05	0	0	0	0	0	0	0	0	0	0	0	0	0	0	0	0	0	0	0	0	0	0	0	0	0	0	0	0	0	0	0	0	0	0	0	0	0	0	0	0	0	0	0	0	0	0	0	0	0	0	0	0	0	0	0	0	0	0	0	0	0	0	0	0	0	0	0	0	0	0	0	0	0	0	0	0	0	0	0	0	0	0	0	0	0	0
d__Bacteria;p__Fermentibacterota	0.001035025	0.001754691	0.000380807	0.000199976	0.000149239	1.33E-05	0	0	0	0	0	0	0	0	0	0	0	0	0	0	0	0	0	0	0	0	0	0	0	0	0	0	0	0	0	0	0	0	0	0	0	0	0	0	0	0	0	0	0	0	0	0	0	0	0	0	0	0	0	0	0	0	0	0	0	0	0	0	0	0	0	0	0	0	0	0	0	0	0	0	0	0	0	0	0	0	0	0	0	0	0	0	0
d__Bacteria;p__Edwardsbacteria	0	0	0	0	0	0	0	0	0	0	0	0	0	0	0	0	0	0	0	0	1.37E-05	0	0	0	0	0	0	0	0	0	0	0	0	0	0	0	0	0	0	0	0	0	0	0	0	0	0	0	0	0	0	0	0	0	0	0	0	0	0	0	0	0	0	0	0	0	0	0	0	0	0	0	0	0	0	0	0	0	0	0	0	0	0	0	0	0	0	0	0	0	0	0	0
d__Bacteria;p__Thermotogota	0	0	0	2.67E-05	3.32E-05	0	0	0	0	0	0	0	0	0	0	0	0	0	0	0	0	0	0	0	0	0	0	0	0	0	0	0	0	0	0	0	0	0	0	0	0	0	0	0	0	0	0	0	0	0	0	0	0	0	0	0	0	0	0	0	0	0	0	0	0	0	0	0	0	0	0	0	0	0	0	0	0	0	0	0	0	0	0	0	0	0	0	0	0	0	0	0	0
d__Bacteria;p__Cloacimonadota	0.000220805	0.000110656	0.000183352	2.67E-05	3.32E-05	0	0	0	0	0	0	0	0	0	0	0	0	0	0	0	0	0	0	0	0	0	0	0	0	0	0	0	0	0	0	0	0	0	0	0	0	0	0	0	0	0	0	0	0	0	0	0	0	0	0	0	0	0	0	0	0	0	0	0	0	0	0	0	0	0	0	0	0	0	0	0	0	0	0	0	0	0	0	0	0	0	0	0	0	0	0	0	0
d__Bacteria;p__Synergistota	0	0	1.41E-05	1.33E-05	0.000232149	0	0	0	0	0	0	0	0	0	0	0	0	0	0	0	1.37E-05	0	0	0	0	0	0	0	0	0	0	0	0	0	0	0	0	0	0	0	0	0	0	0	0	0	0	0	0	0	0	0	0	0	0	0	0	0	0	0	0	0	0	0	0	0	0	0	0	0	0	0	0	0	0	0	0	0	0	0	0	0	0	0	0	0	0	0	0	0	0	0	0
d__Bacteria;p__	0	3.16E-05	1.41E-05	0	0	0	0	0	0	0	0	0	0	0	0	0	0	0	0	0	0	0	0	0	0	0	0	0	0	0	0	0	0	0	0	0	0	0	0	0	0	0	0	0	0	0	0	0	0	0	0	0	0	0	0	0	0	0	0	0	0	0	0	0	0	0	0	0	0	0	0	0	0	0	0	0	0	0	0	0	0	0	0	0	0	0	0	0	0	0	0	0	0
d__Bacteria;p__Margulisbacteria	0	0	0	2.67E-05	0	0	0	0	0	0	0	0	0	0	0	0	0	0	0	0	2.74E-05	0	0	0	0	0	0	0	0	0	0	0	0	0	0	0.000144617	0	0	0	0	0	0	0	0	0	0	0	0	0	0	0	0	0	0	0	0	0	0	0	0	0	0	0	0	0	0	0	0	0	0	0	0	0	0	0	0	0	0	0	0	0	0	0	0	0	0	0	0	0	0	0	0	0
d__Bacteria;p__Hydrothermae	0	0	0	1.33E-05	0	0	0	0	0	0	0	0	0	0	0	0	0	0	0	0	0	0	0	0	0	0	0	0	0	0	0	0	0	0	0	0	0	0	0	0	0	0	0	0	0	0	0	0	0	0	0	0	0	0	0	0	0	0	0	0	0	0	0	0	0	0	0	0	0	0	0	0	0	0	0	0	0	0	0	0	0	0	0	0	0	0	0	0	0	0	0	0	0
d__Bacteria;p__Nitrospinota	0	0	0	0	0	0	0	0	0	0	1.46E-05	0	0	0	0	0	0	0	0	0	0	0	0	0	0	0	0	0	0	0	0	0	0	0	0	0	0	0	0	0	0	0	0	0	0	0	0	0	0	0	0	0	0	0	0	0	0	0	0	0	0	0	0	0	0	0	0	0	0	0	0	0	0	0	0	0	0	0	0	0	0	0	0	0	0	0	2.60E-05	0	0	0	0	0	0
d__Bacteria;p__Halanaerobiaeota	0	0	0	1.33E-05	0	0	0	0	0	0	0	0	0	0	0	0	0	0	0	0	0	0	0	0	0	0	0	0	0	0	0	0	0	0	0	0	0	0	0	0	0	0	0	0	0	0	0	0	0	0	0	0	0	0	0	0	0	0	0	0	0	0	0	0	0	0	0	0	0	0	0	0	0	0	0	0	0	0	0	0	0	0	0	0	0	0	0	0	0	0	0	0	0
